<yas>

  <scene root="relaxing" axis_length="10"/>

  <views default="view1">
    <perspective id="view1" near="0.1" far="500" angle="20">
      <from x="30" y="30" z="30"/>
      <to x="0" y="0" z="0"/>
    </perspective>

    <perspective id="view2" near="0.1" far="500" angle="60">
      <from x="4" y="5" z="25"/>
      <to x="0" y="0" z="0"/>
    </perspective>

    <perspective id="view3" near="0.1" far="500" angle="60">
      <from x="20" y="5" z="20"/>
      <to x="1" y="1" z="2"/>
    </perspective>
    <perspective id="view4" near="0.1" far="500" angle="20">
      <from x="0" y="30" z="60"/>
      <to x="0" y="0" z="0"/>
    </perspective>
    <perspective id="view5" near="0.1" far="500" angle="20">
      <from x="60" y="10" z="0"/>
      <to x="0" y="0" z="0"/>
    </perspective>
    <perspective id="view6" near="0.1" far="500" angle="20">
      <from x="0" y="20" z="-60"/>
      <to x="0" y="0" z="0"/>
    </perspective>
    <perspective id="view7" near="0.1" far="500" angle="20">
      <from x="-60" y="10" z="0"/>
      <to x="0" y="0" z="0"/>
    </perspective>

    <ortho id="ortho1" near="0.1" far="500" left="-5.0" right="5.0" top="5.0" bottom="-5.0">
      <from x="30" y="30" z="30"/>
      <to x="0.0" y="0.0" z="0.0"/>
    </ortho>

    <ortho id="ortho2" near="0.1" far="500" left="-2.0" right="3.0" top="3.0" bottom="-3.0">
      <from x="0" y="15" z="10"/>
      <to x="0" y="0" z="0"/>
    </ortho>
  </views>

  <ambient>
    <ambient r="0.2" g="0.2" b="0.2" a="1"/>
    <background r="0.47" g="0.82" b="0.86" a="1"/>
  </ambient>

  <lights>

    <omni id="light0" enabled="1">
      <location x="5" y="5" z="5" w="1"/>
      <ambient r="0.2" g="0.2" b="0.2" a="1"/>
      <diffuse r="1.0" g="1.0" b="1.0" a="1.0"/>
      <specular r="1.0" g="1.0" b="1.0" a="1.0"/>
    </omni>

    <omni id="light1" enabled="0">
      <location x="-5" y="5" z="-5" w="1"/>
      <ambient r="0.2" g="0.2" b="0.2" a="1"/>
      <diffuse r="1.0" g="1.0" b="1.0" a="1.0"/>
      <specular r="1.0" g="1.0" b="1.0" a="1.0"/>
    </omni>

    <omni id="light2" enabled="1">
      <location x="-5" y="5" z="5" w="1"/>
      <ambient r="0.2" g="0.2" b="0.2" a="1"/>
      <diffuse r="1.0" g="1.0" b="1.0" a="1.0"/>
      <specular r="1.0" g="1.0" b="1.0" a="1.0"/>
    </omni>

    <omni id="light3" enabled="0">
      <location x="5" y="5" z="-5" w="1"/>
      <ambient r="0.2" g="0.2" b="0.2" a="1"/>
      <diffuse r="1.0" g="1.0" b="1.0" a="1.0"/>
      <specular r="1.0" g="1.0" b="1.0" a="1.0"/>
    </omni>
    <spot id="light4(spot)" enabled="0" angle="0" exponent="1">
      <target x="0" y="0" z="0"/>
      <location x="3.5" y="5" z="3" w="1"/>
      <ambient r="0.7" g="0.7" b="0.7" a="1"/>
      <diffuse r="1" g="1" b="1" a="1"/>
      <specular r="1" g="1" b="1" a="1"/>
    </spot>

  </lights>

  <textures>
    <texture id="floor" file="../images/floor.jpg"/>
    <texture id="wall" file="../images/wall.jpg"/>
    <texture id="wall1" file="../images/wall1.jpg"/>
    <texture id="painting1" file="../images/painting1.jpg"/>
    <texture id="painting2" file="../images/painting2.jpg"/>
    <texture id="table" file="../images/table.jpg"/>
    <texture id="board" file="../images/board.jpg"/>
    <texture id="black" file="../images/black.jpg"/>
    <texture id="white" file="../images/white.jpg"/>
    <texture id="puff" file="../images/puff.jpg"/>
    <texture id="base" file="../images/base.jpg"/>

  </textures>

  <materials>

    <material id="defaultMaterial" shininess="50">
      <emission r="0.2" g="0.2" b="0.2" a="0.2"/>
      <ambient r="0.3" g="0.3" b="0.3" a="1.0"/>
      <diffuse r="0.5" g="0.5" b="0.5" a="1.0"/>
      <specular r="0.8" g="0.8" b="0.8" a="1.0"/>
    </material>

    <material id="roof" shininess="10">
      <emission r="0" g="0" b="0" a="1"/>
      <ambient r="0.2" g="0.2" b="0.2" a="1"/>
      <diffuse r="0.3" g="0.3" b="0.3" a="1"/>
      <specular r="0.1" g="0.1" b="0.1" a="1"/>
    </material>

    <material id="floor" shininess="10">
      <emission r="0" g="0.5" b="0" a="1"/>
      <ambient r="0.2" g="0.2" b="0.2" a="1"/>
      <diffuse r="0.3" g="0.3" b="0.3" a="1"/>
      <specular r="0.1" g="0.1" b="0.1" a="1"/>
    </material>

    <material id="columns" shininess="1">
      <emission a="0" b="0" g="0" r="0"/>
      <ambient a="1" b="0.5" g="0.5" r="0.5"/>
      <diffuse a="1" b="0.85" g="0.86" r="0.95"/>
      <specular a="1" b="0" g="0" r="0"/>
    </material>

    <material id="darkMaterial" shininess="1">
      <emission r="0" g="0" b="0" a="1"/>
      <ambient r="0.2" g="0.2" b="0.2" a="1"/>
      <diffuse r="0.1" g="0.1" b="0.1" a="1"/>
      <specular r="0.1" g="0.1" b="0.1" a="1"/>
    </material>

    <material id="purple" shininess="1">
      <emission r="0.62" g="0.52" b="0.75" a="1"/>
      <ambient r="0.1" g="0.1" b="0.1" a="1"/>
      <diffuse r="0.1" g="0.1" b="0.1" a="1"/>
      <specular r="0.1" g="0.1" b="0.1" a="1"/>
    </material>

    <material id="yellow" shininess="1">
      <emission r="0.99" g="0.83" b="0.25" a="1"/>
      <ambient r="0.1" g="0.1" b="0.1" a="1"/>
      <diffuse r="0.1" g="0.1" b="0.1" a="1"/>
      <specular r="0.1" g="0.1" b="0.1" a="1"/>
    </material>
    <material id="white" shininess="1">
      <emission r="0.99" g="0.99" b="0.75" a="1"/>
      <ambient r="0.1" g="0.1" b="0.1" a="1"/>
      <diffuse r="0.1" g="0.1" b="0.1" a="1"/>
      <specular r="0.1" g="0.1" b="0.1" a="1"/>
    </material>
    <material id="wall" shininess="1">
      <emission r="0.34" g="0.05" b="0.01" a="1"/>
      <ambient r="0.1" g="0.1" b="0.1" a="1"/>
      <diffuse r="0.1" g="0.1" b="0.1" a="1"/>
      <specular r="0.1" g="0.1" b="0.1" a="1"/>
    </material>
    <material id="base" shininess="1">
      <emission r="0.72" g="0.60" b="0.55" a="1"/>
      <ambient r="0.3" g="0.3" b="0.3" a="1.0"/>
      <diffuse r="0.5" g="0.5" b="0.5" a="1.0"/>
      <specular r="0.8" g="0.8" b="0.8" a="1.0"/>
    </material>

  </materials>

  <transformations>
    <transformation id="floorTransf">
      <translate x="2" y="-0.5" z="0"/>
      <scale x="40" y="1" z="40"/>
    </transformation>

  </transformations>

  <animations></animations>
  <primitives>
    <primitive id="cylinder">
      <cylinder base="1" top="1" height="1" slices="20" stacks="8"/>
    </primitive>
    <primitive id="rectangle">
      <rectangle x1="-0.5" y1="-0.5" x2="0.5" y2="0.5"/>
    </primitive>

    <primitive id="triangle">
      <triangle x1="-0.5" y1="0.5" z1="0" x2="5" y2="0.5" z2="0" x3="2.25" y3="2.65" z3="0"/>
    </primitive>

    <primitive id="sphere">
      <sphere radius="0.6" slices="20" stacks="25"/>
    </primitive>

    <primitive id="torus">
      <torus inner="0.3" outer="1" slices="40" loops="40"/>
    </primitive>

    <primitive id="plane">
      <plane npartsU="5" npartsV="8"/>

    </primitive>
    <primitive id="patch">
      <patch npointsU="3" npointsV="4" npartsU="5" npartsV="8">
        <controlpoint xx="-1.5" yy="-1.5" zz="0.0"/>
        <controlpoint xx="-2.0" yy="-2.0" zz="2.0"/>
        <controlpoint xx="-2.0" yy="2.0" zz="2.0"/>
        <controlpoint xx="-1.5" yy="1.5" zz="0.0"/>
        <controlpoint xx="0.0" yy="0.0" zz="3.0"/>
        <controlpoint xx="0" yy="2.0" zz="3.0"/>
        <controlpoint xx="0" yy="-2.0" zz="3.0"/>
        <controlpoint xx="0" yy="0" zz="3.0"/>
        <controlpoint xx="1.5" yy="-1.5" zz="0.0"/>
        <controlpoint xx="2.0" yy="-2.0" zz="2.0"/>
        <controlpoint xx="2.0" yy="2.0" zz="2.0"/>
        <controlpoint xx="1.5" yy="1.5" zz="0.0"/>
      </patch>

    </primitive>
    <primitive id="terrain">
      <terrain idtexture="texture1" idheightmap="heightmap1" parts="20" heightscale="12"/>
    </primitive>

    <primitive id="water">
      <water idtexture="water" idheightmap="heightmap1" parts="20" heightscale="2" texscale="2"/>
    </primitive>

    <primitive id="cylinder2">
      <cylinder2 base="1" top="1" height="4" slices="20" stacks="8"/>
    </primitive>

    <primitive id="vehicle">
      <vehicle/>
    </primitive>
    <primitive id="board">
      <board dimX="8" dimZ="8"/>
    </primitive>

  </primitives>

  <components>

    <component id="relaxing">
      <transformation></transformation>
      <animations></animations>

      <materials>
        <material id="wall"/>
      </materials>

      <texture id="none" length_s="1" length_t="1"/>

      <children>
        <componentref id="floor"/>
        <componentref id="leftWall"/>
        <componentref id="backWall"/>
        <componentref id="table"/>
        <componentref id="leftPainting"/>
        <componentref id="backPainting"/>
        <componentref id="puff"/>
        <componentref id="puff1"/>

      </children>
    </component>

    <component id="floor">
      <transformation>
        <scale x="20" y="1" z="20"/>
        <rotate axis="x" angle="-90"/>
      </transformation>
      <animations></animations>
      <materials>
        <material id="defaultMaterial"/>
      </materials>

      <texture id="floor" length_s="0.5" length_t="0.5"/>

      <children>
        <primitiveref id="rectangle"/>
      </children>
    </component>

    <component id="leftWall">
      <transformation>

        <translate x="-10" y="5" z="0"/>
        <scale x="20" y="10" z="20"/>
        <rotate axis="y" angle="90"/>

      </transformation>
      <animations></animations>
      <materials>
        <material id="defaultMaterial"/>
      </materials>

      <texture id="wall1" length_s="0.25" length_t="0.25"/>

      <children>
        <primitiveref id="rectangle"/>
      </children>
    </component>

    <component id="backWall">
      <transformation>
        <translate x="0" y="5" z="-10"/>
        <scale x="20" y="10" z="20"/>

      </transformation>
      <animations></animations>
      <materials>
        <material id="defaultMaterial"/>
      </materials>

      <texture id="wall1" length_s="0.25" length_t="0.25"/>

      <children>
        <primitiveref id="rectangle"/>
      </children>
    </component>

    <component id="table">
      <transformation>
        <scale x="1.5" y="1" z="1.5"/>
      </transformation>
      <animations></animations>
      <materials>
        <material id="defaultMaterial"/>
      </materials>

      <texture id="table" length_s="1" length_t="1"/>

      <children>
        <componentref id="tableTop"/>
        <componentref id="board"/>
        <componentref id="tableLeg1"/>
        <componentref id="tableLeg2"/>
        <componentref id="tableLeg3"/>
        <componentref id="tableLeg4"/>
        <componentref id="basePiece1"/>
        <componentref id="basePiece2"/>
      </children>
    </component>
    <component id="tableTop">
      <transformation>
        <scale x="6" y="0.5" z="6"/>
        <translate x="-0.5" y="2" z="0"/>
      </transformation>
      <animations></animations>
      <materials>
        <material id="defaultMaterial"/>
      </materials>
      <texture id="inherit" length_s="0.25" length_t="0.25"/>
      <children>
        <componentref id="parallelepiped"/>
      </children>
    </component>

    <component id="tableLeg1">
      <transformation>

        <rotate axis="y" angle="45"/>
        <scale x="2.5" y="1" z="0.25"/>
        <rotate axis="z" angle="90"/>
      </transformation>
      <animations></animations>
      <materials>
        <material id="defaultMaterial"/>
      </materials>
      <texture id="inherit" length_s="0.25" length_t="0.25"/>
      <children>
        <componentref id="parallelepiped"/>
      </children>
    </component>

    <component id="tableLeg2">
      <transformation>

        <rotate axis="y" angle="-45"/>
        <scale x="2.5" y="1" z="0.25"/>
        <rotate axis="z" angle="90"/>
      </transformation>
      <animations></animations>
      <materials>
        <material id="defaultMaterial"/>
      </materials>
      <texture id="inherit" length_s="0.25" length_t="0.25"/>
      <children>
        <componentref id="parallelepiped"/>
      </children>
    </component>

    <component id="tableLeg3">
      <transformation>

        <rotate axis="y" angle="135"/>
        <scale x="2.5" y="1" z="0.25"/>
        <rotate axis="z" angle="90"/>
      </transformation>
      <animations></animations>
      <materials>
        <material id="defaultMaterial"/>
      </materials>
      <texture id="inherit" length_s="0.25" length_t="0.25"/>
      <children>
        <componentref id="parallelepiped"/>
      </children>
    </component>

    <component id="tableLeg4">
      <transformation>

        <rotate axis="y" angle="-135"/>
        <scale x="2.5" y="1" z="0.25"/>
        <rotate axis="z" angle="90"/>
      </transformation>
      <animations></animations>
      <materials>
        <material id="defaultMaterial"/>
      </materials>
      <texture id="inherit" length_s="0.25" length_t="0.25"/>
      <children>
        <componentref id="parallelepiped"/>
      </children>
    </component>
    <component id="basePiece1">
      <transformation>
        <scale x="1" y="0.25" z="6.05"/>
        <translate x="2" y="6" z="0"/>
      </transformation>
      <animations></animations>
      <materials>
        <material id="defaultMaterial"/>
      </materials>
      <texture id="base" length_s="1" length_t="1"/>
      <children>
        <componentref id="parallelepiped"/>
      </children>
    </component>
    <component id="basePiece2">
      <transformation>
        <scale x="1" y="0.25" z="6.05"/>
        <translate x="-3" y="6" z="0"/>
      </transformation>
      <animations></animations>
      <materials>
        <material id="defaultMaterial"/>
      </materials>
      <texture id="base" length_s="1" length_t="1"/>
      <children>
        <componentref id="parallelepiped"/>
      </children>
    </component>

    <component id="puff">
      <transformation>
        <translate x="0" y="0" z="7"/>
        <rotate axis="x" angle="-90"/>
      </transformation>
      <animations></animations>
      <materials>
        <material id="defaultMaterial"/>
      </materials>
      <texture id="puff" length_s="0.25" length_t="0.25"/>
      <children>
        <primitiveref id="cylinder"/>
      </children>
    </component>

    <component id="puff1">
      <transformation>
        <translate x="0" y="0" z="-7"/>
        <rotate axis="x" angle="-90"/>
      </transformation>
      <animations></animations>
      <materials>
        <material id="defaultMaterial"/>
      </materials>
      <texture id="puff" length_s="0.25" length_t="0.25"/>
      <children>
        <primitiveref id="cylinder"/>
      </children>
    </component>

    <component id="leftPainting">
      <transformation>
        <translate x="-9.8" y="5" z="0"/>
        <scale x="2.5" y="3.5" z="2.5"/>
        <rotate axis="y" angle="90"/>
      </transformation>
      <animations></animations>
      <materials>
        <material id="defaultMaterial"/>
      </materials>
      <texture id="painting1" length_s="1" length_t="1"/>
      <children>
        <primitiveref id="rectangle"/>
      </children>
    </component>

    <component id="backPainting">
      <transformation>
        <translate x="0" y="6" z="-9.8"/>
        <scale x="6" y="4" z="6"/>
      </transformation>
      <animations></animations>
      <materials>
        <material id="defaultMaterial"/>
      </materials>
      <texture id="painting2" length_s="1" length_t="1"/>
      <children>
        <primitiveref id="rectangle"/>
      </children>
    </component>

    <component id="board">
      <transformation>
        <translate x="-1.5" y="1.5" z="0"/>
      </transformation>
      <animations></animations>
      <materials>
        <material id="defaultMaterial"/>
      </materials>
      <texture id="board" length_s="1" length_t="1"/>
      <children>
        <componentref id="boardBase"/>
        <componentref id="boardTop"/>
      </children>
    </component>
    <component id="boardBase">
      <transformation>
        <scale x="3" y="0.25" z="3"/>
      </transformation>
      <animations></animations>
      <materials>
        <material id="defaultMaterial"/>
      </materials>
      <texture id="none" length_s="1" length_t="1"/>
      <children>
        <componentref id="parallelepiped"/>
      </children>
    </component>

    <component id="boardTop">
      <transformation>
        <translate x="0" y="0.25" z="-1.35"/>
        <scale x="0.32" y="0.3" z="0.32"/>
      </transformation>
      <animations></animations>
      <materials>
        <material id="defaultMaterial"/>
      </materials>
      <texture id="inherit" length_s="1" length_t="1"/>
      <children>
        <primitiveref id="board"/>
      </children>
    </component>

    <component id="parallelepiped">
      <transformation></transformation>
      <animations></animations>
      <materials>
        <material id="inherit"/>
      </materials>

      <texture id="inherit" length_s="1" length_t="1"/>

      <children>
        <componentref id="faceCube1"/>
        <componentref id="faceCube2"/>
        <componentref id="faceCube3"/>
        <componentref id="faceCube4"/>
        <componentref id="faceCube5"/>
        <componentref id="faceCube6"/>

      </children>
    </component>

    <component id="faceCube1">
      <transformation>
        <translate x="0.5" y="0" z="0"/>
        <rotate axis="x" angle="90"/>
      </transformation>
      <animations></animations>
      <materials>
        <material id="inherit"/>
      </materials>

      <texture id="inherit"/>

      <children>
        <primitiveref id="rectangle"/>
      </children>
    </component>

    <component id="faceCube2">
      <transformation>
        <translate x="0.5" y="1" z="0"/>
        <rotate axis="x" angle="-90"/>
      </transformation>
      <animations></animations>
      <materials>
        <material id="inherit"/>
      </materials>

      <texture id="inherit" length_s="1" length_t="1"/>

      <children>
        <primitiveref id="rectangle"/>
      </children>
    </component>

    <component id="faceCube3">
      <transformation>
        <translate x="0.5" y="0.5" z="-0.5"/>
        <rotate axis="y" angle="180"/>
      </transformation>
      <animations></animations>
      <materials>
        <material id="inherit"/>
      </materials>

      <texture id="inherit" length_s="1" length_t="1"/>

      <children>
        <primitiveref id="rectangle"/>
      </children>
    </component>

    <component id="faceCube4">
      <transformation>
        <translate x="0" y="0.5" z="0"/>
        <rotate axis="y" angle="-90"/>
      </transformation>
      <animations></animations>
      <materials>
        <material id="inherit"/>
      </materials>

      <texture id="inherit" length_s="1" length_t="1"/>

      <children>
        <primitiveref id="rectangle"/>
      </children>
    </component>

    <component id="faceCube5">
      <transformation>
        <translate x="0.5" y="0.5" z="0.5"/>
        <rotate axis="z" angle="180"/>
      </transformation>
      <animations></animations>
      <materials>
        <material id="inherit"/>
      </materials>

      <texture id="inherit" length_s="1" length_t="1"/>

      <children>
        <primitiveref id="rectangle"/>
      </children>
    </component>

    <component id="faceCube6">
      <transformation>
        <translate x="1" y="0.5" z="0"/>
        <rotate axis="y" angle="90"/>
      </transformation>
      <animations></animations>
      <materials>
        <material id="inherit"/>
      </materials>
      <texture id="inherit" length_s="1" length_t="1"/>
      <children>
        <primitiveref id="rectangle"/>
      </children>
    </component>
  </components>

</yas>
